Bit Length (x-axis) ,Mean Runtime (y-axis)
48,5.04
56,7.106666667
64,27.76666667
72,77.81666667
80,82.92333333
88,449.37
94,1222.84
