Workload,Mean_Distance,CI_Lower,CI_Upper,Margin_Error
ECM_128,0.25878507936860756,0.17760541386583326,0.33996474487138184,0.0811796655027743
