Workload,Mean_Distance,CI_Lower,CI_Upper,Margin_Error
PR_32,0.7379259114657154,0.08694186180176766,1.3889099611296631,0.6509840496639477
PR_40,0.7408494443988269,0.09021630109391177,1.391482587703742,0.6506331433049152
PR_64,0.7158699654100195,0.07991617598626655,1.3518237548337724,0.6359537894237529
PR_72,0.6130747633569732,0.2379446642395298,0.9882048624744166,0.3751300991174434
